Location,Month,MinDelay,ExpDelay,MaxDelay,MAD,RealMinDelay,RealExpDelay,RealMaxDelay
ABIDJAN,Jan,-17.339872,-8.845462,-0.35105172,3.4580017,0,0,0
ABIDJAN,Feb,-6.9944102,1.5,9.9944102,3.4580017,0,1.5,9.9944102
ABIDJAN,Mar,-3.4944102,5,13.49441,3.4580017,0,5,13.49441
ABIDJAN,Apr,0.58541619,9.0798264,17.574237,3.4580017,0.58541619,9.0798264,17.574237
ABIDJAN,May,1.2198755,9.7142857,18.208696,3.4580017,1.2198755,9.7142857,18.208696
ABIDJAN,Jun,2.1857248,10.680135,19.174545,3.4580017,2.1857248,10.680135,19.174545
ABIDJAN,Jul,-6.7671375,1.7272727,10.221683,3.4580017,0,1.7272727,10.221683
ABIDJAN,Aug,1.4222564,9.9166667,18.411077,3.4580017,1.4222564,9.9166667,18.411077
ABIDJAN,Sep,-3.1586336,5.3357766,13.830187,3.4580017,0,5.3357766,13.830187
ABIDJAN,Oct,16.544597,25.039008,33.533418,3.4580017,16.544597,25.039008,33.533418
ABIDJAN,Nov,17.934161,26.428571,34.922982,3.4580017,17.934161,26.428571,34.922982
ABIDJAN,Dec,15.127812,23.622222,32.116632,3.4580017,15.127812,23.622222,32.116632
ADEN,Jan,5.2512508,17.333333,29.415416,4.9185124,5.2512508,17.333333,29.415416
ADEN,Feb,-3.5820825,8.5,20.582082,4.9185124,0,8.5,20.582082
ADEN,Mar,-2.4154158,9.6666667,21.748749,4.9185124,0,9.6666667,21.748749
ADEN,Apr,4.9179175,17,29.082082,4.9185124,4.9179175,17,29.082082
ADEN,May,2.3464889,14.428571,26.510654,4.9185124,2.3464889,14.428571,26.510654
ADEN,Jun,7.0106388,19.092721,31.174804,4.9185124,7.0106388,19.092721,31.174804
ADEN,Jul,-7.8775668,4.2045157,16.286598,4.9185124,0,4.2045157,16.286598
ADEN,Aug,1.5845842,13.666667,25.748749,4.9185124,1.5845842,13.666667,25.748749
ADEN,Sep,5.2036308,17.285713,29.367796,4.9185124,5.2036308,17.285713,29.367796
ADEN,Oct,5.6679175,17.75,29.832082,4.9185124,5.6679175,17.75,29.832082
ADEN,Nov,3.9179175,16,28.082082,4.9185124,3.9179175,16,28.082082
ADEN,Dec,1.9179175,14,26.082082,4.9185124,1.9179175,14,26.082082
ASHDOD,Jan,-2.1098339,-1.204377,-0.29892004,0.36860376,0,0,0
ASHDOD,Feb,-1.4350991,-0.52964218,0.37581474,0.36860376,0,0,0.37581474
ASHDOD,Mar,-0.4251893,0.48026763,1.3857246,0.36860376,0,0.48026763,1.3857246
ASHDOD,Apr,-0.10131604,0.80414088,1.7095978,0.36860376,0,0.80414088,1.7095978
ASHDOD,May,-0.08115186,0.82430506,1.729762,0.36860376,0,0.82430506,1.729762
ASHDOD,Jun,0.52704446,1.4325014,2.3379583,0.36860376,0.52704446,1.4325014,2.3379583
ASHDOD,Jul,-1.7182705,-0.81281361,0.09264331,0.36860376,0,0,0.09264331
ASHDOD,Aug,-0.27474872,0.63070821,1.5361651,0.36860376,0,0.63070821,1.5361651
ASHDOD,Sep,0.16931981,1.0747767,1.9802337,0.36860376,0.16931981,1.0747767,1.9802337
ASHDOD,Oct,-0.15364047,0.75181645,1.6572734,0.36860376,0,0.75181645,1.6572734
ASHDOD,Nov,-0.5313502,0.37410673,1.2795637,0.36860376,0,0.37410673,1.2795637
ASHDOD,Dec,-1.9001694,-0.99471245,-0.08925553,0.36860376,0,0,0
BEIRUT,Jan,-5.4257917,-1.8933902,1.6390113,1.4380104,0,0,1.6390113
BEIRUT,Feb,-11.325608,-7.7932068,-4.2608053,1.4380104,0,0,0
BEIRUT,Mar,-4.8507135,-1.318312,2.2140895,1.4380104,0,0,2.2140895
BEIRUT,Apr,-2.5929213,0.93948017,4.4718817,1.4380104,0,0.93948017,4.4718817
BEIRUT,May,-5.4199108,-1.8875093,1.6448922,1.4380104,0,0,1.6448922
BEIRUT,Jun,-2.2713575,1.261044,4.7934455,1.4380104,0,1.261044,4.7934455
BEIRUT,Jul,-1.2283748,2.3040267,5.8364282,1.4380104,0,2.3040267,5.8364282
BEIRUT,Aug,-4.9479764,-1.4155749,2.1168266,1.4380104,0,0,2.1168266
BEIRUT,Sep,-6.6220586,-3.0896571,0.44274436,1.4380104,0,0,0.44274436
BEIRUT,Oct,-3.2975606,0.23484087,3.7672424,1.4380104,0,0.23484087,3.7672424
BEIRUT,Nov,-8.878674,-5.3462725,-1.8138711,1.4380104,0,0,0
BEIRUT,Dec,-6.1544457,-2.6220442,0.9103573,1.4380104,0,0,0.9103573
CHITTAGONG,Jan,9.0910697,11.761905,14.43274,1.0872741,9.0910697,11.761905,14.43274
CHITTAGONG,Feb,8.6824823,11.353317,14.024152,1.0872741,8.6824823,11.353317,14.024152
CHITTAGONG,Mar,6.467096,9.137931,11.808766,1.0872741,6.467096,9.137931,11.808766
CHITTAGONG,Apr,8.4402761,11.111111,13.781946,1.0872741,8.4402761,11.111111,13.781946
CHITTAGONG,May,4.9436533,7.6144884,10.285323,1.0872741,4.9436533,7.6144884,10.285323
CHITTAGONG,Jun,7.4291649,10.1,12.770835,1.0872741,7.4291649,10.1,12.770835
CHITTAGONG,Jul,10.420074,13.090909,15.761744,1.0872741,10.420074,13.090909,15.761744
CHITTAGONG,Aug,9.7291649,12.4,15.070835,1.0872741,9.7291649,12.4,15.070835
CHITTAGONG,Sep,11.579165,14.25,16.920835,1.0872741,11.579165,14.25,16.920835
CHITTAGONG,Oct,11.867626,14.538462,17.209297,1.0872741,11.867626,14.538462,17.209297
CHITTAGONG,Nov,10.539691,13.210526,15.881361,1.0872741,10.539691,13.210526,15.881361
CHITTAGONG,Dec,18.551387,21.222222,23.893057,1.0872741,18.551387,21.222222,23.893057
COLOMBO,Jan,-0.45386736,6.3091658,13.072199,2.7531729,0,6.3091658,13.072199
COLOMBO,Feb,-9.4177714,-2.6547383,4.1082949,2.7531729,0,0,4.1082949
COLOMBO,Mar,-3.083785,3.6792481,10.442281,2.7531729,0,3.6792481,10.442281
COLOMBO,Apr,-0.43700143,6.3260317,13.089065,2.7531729,0,6.3260317,13.089065
COLOMBO,May,-11.775867,-5.0128343,1.7501988,2.7531729,0,0,1.7501988
COLOMBO,Jun,-11.604199,-4.841166,1.9218672,2.7531729,0,0,1.9218672
COLOMBO,Jul,-5.7625864,1.0004467,7.7634799,2.7531729,0,1.0004467,7.7634799
COLOMBO,Aug,-78.945786,-72.182753,-65.41972,2.7531729,0,0,0
COLOMBO,Sep,-0.76303316,6,12.763033,2.7531729,0,6,12.763033
COLOMBO,Oct,-8.2130885,-1.4500553,5.3129778,2.7531729,0,0,5.3129778
COLOMBO,Nov,-78.945786,-72.182753,-65.41972,2.7531729,0,0,0
COLOMBO,Dec,-10.419518,-3.6564848,3.1065484,2.7531729,0,0,3.1065484
CONAKRY,Jan,6.1525391,11.45927,16.766,2.1603246,6.1525391,11.45927,16.766
CONAKRY,Feb,-6.8071033,-1.5003726,3.806358,2.1603246,0,0,3.806358
CONAKRY,Mar,-3.7522482,1.5544825,6.8612132,2.1603246,0,1.5544825,6.8612132
CONAKRY,Apr,2.22706,7.5337907,12.840521,2.1603246,2.22706,7.5337907,12.840521
CONAKRY,May,7.1478148,12.454545,17.761276,2.1603246,7.1478148,12.454545,17.761276
CONAKRY,Jun,7.7234934,13.030224,18.336955,2.1603246,7.7234934,13.030224,18.336955
CONAKRY,Jul,10.238724,15.545455,20.852185,2.1603246,10.238724,15.545455,20.852185
CONAKRY,Aug,2.7472032,8.0539339,13.360665,2.1603246,2.7472032,8.0539339,13.360665
CONAKRY,Sep,11.693269,17,22.306731,2.1603246,11.693269,17,22.306731
CONAKRY,Oct,6.1377138,11.444444,16.751175,2.1603246,6.1377138,11.444444,16.751175
CONAKRY,Nov,1.9432693,7.25,12.556731,2.1603246,1.9432693,7.25,12.556731
CONAKRY,Dec,7.4080451,12.714776,18.021506,2.1603246,7.4080451,12.714776,18.021506
COTONOU,Jan,1.5064359,5.7444573,9.9824786,1.7252622,1.5064359,5.7444573,9.9824786
COTONOU,Feb,-2.9657955,1.2722259,5.5102472,1.7252622,0,1.2722259,5.5102472
COTONOU,Mar,-6.3022875,-2.0642661,2.1737552,1.7252622,0,0,2.1737552
COTONOU,Apr,-4.46761,-0.22958869,4.0084327,1.7252622,0,0,4.0084327
COTONOU,May,-0.92311706,3.3149043,7.5529256,1.7252622,0,3.3149043,7.5529256
COTONOU,Jun,-5.5071626,-1.2691413,2.9688801,1.7252622,0,0,2.9688801
COTONOU,Jul,-8.4372908,-4.1992695,0.03875185,1.7252622,0,0,0.03875185
COTONOU,Aug,-9.4499761,-5.2119548,-0.97393345,1.7252622,0,0,0
COTONOU,Sep,-1.4142557,2.8237657,7.061787,1.7252622,0,2.8237657,7.061787
COTONOU,Oct,-11.98028,-7.7422584,-3.5042371,1.7252622,0,0,0
COTONOU,Nov,-56.91704,-52.679019,-48.440997,1.7252622,0,0,0
COTONOU,Dec,8.7619787,13,17.238021,1.7252622,8.7619787,13,17.238021
DAKAR,Jan,13.603124,16.984547,20.365971,1.3765487,13.603124,16.984547,20.365971
DAKAR,Feb,-59.947987,-56.566563,-53.185139,1.3765487,0,0,0
DAKAR,Mar,-7.1987933,-3.8173695,-0.43594569,1.3765487,0,0,0
DAKAR,Apr,2.0677161,5.4491399,8.8305637,1.3765487,2.0677161,5.4491399,8.8305637
DAKAR,May,-1.3701689,2.0112549,5.3926787,1.3765487,0,2.0112549,5.3926787
DAKAR,Jun,-4.2754796,-0.89405577,2.487368,1.3765487,0,0,2.487368
DAKAR,Jul,-0.4470951,2.9343287,6.3157525,1.3765487,0,2.9343287,6.3157525
DAKAR,Aug,-9.2866157,-5.9051919,-2.5237681,1.3765487,0,0,0
DAKAR,Sep,-59.947987,-56.566563,-53.185139,1.3765487,0,0,0
DAKAR,Oct,-3.7771474,-0.39572357,2.9857002,1.3765487,0,0,2.9857002
DAKAR,Nov,-59.947987,-56.566563,-53.185139,1.3765487,0,0,0
DAKAR,Dec,-17.234283,-13.852859,-10.471435,1.3765487,0,0,0
DAR-ES-SALAAM,Jan,-6.8481853,0.43472309,7.7176315,2.9648096,0,0.43472309,7.7176315
DAR-ES-SALAAM,Feb,-6.6400906,0.6428178,7.9257262,2.9648096,0,0.6428178,7.9257262
DAR-ES-SALAAM,Mar,-7.549364,-0.26645565,7.0164527,2.9648096,0,0,7.0164527
DAR-ES-SALAAM,Apr,-12.052052,-4.7691435,2.5137648,2.9648096,0,0,2.5137648
DAR-ES-SALAAM,May,-13.684621,-6.4017124,0.88119591,2.9648096,0,0,0.88119591
DAR-ES-SALAAM,Jun,-24.461549,-17.178641,-9.8957325,2.9648096,0,0,0
DAR-ES-SALAAM,Jul,-23.993649,-16.710741,-9.4278325,2.9648096,0,0,0
DAR-ES-SALAAM,Aug,-23.111142,-15.828234,-8.5453257,2.9648096,0,0,0
DAR-ES-SALAAM,Sep,-11.761797,-4.4788883,2.8040201,2.9648096,0,0,2.8040201
DAR-ES-SALAAM,Oct,-45.387562,-38.104654,-30.821745,2.9648096,0,0,0
DAR-ES-SALAAM,Nov,-7.9581613,-0.6752529,6.6076555,2.9648096,0,0,6.6076555
DAR-ES-SALAAM,Dec,-15.197231,-7.9143231,-0.63141472,2.9648096,0,0,0
DJIBOUTI,Jan,12.494393,14.652133,16.809872,0.87839742,12.494393,14.652133,16.809872
DJIBOUTI,Feb,23.951662,26.109402,28.267142,0.87839742,23.951662,26.109402,28.267142
DJIBOUTI,Mar,12.919188,15.076927,17.234667,0.87839742,12.919188,15.076927,17.234667
DJIBOUTI,Apr,-7.3934869,-5.2357471,-3.0780072,0.87839742,0,0,0
DJIBOUTI,May,-11.550273,-9.3925334,-7.2347936,0.87839742,0,0,0
DJIBOUTI,Jun,7.7120871,9.869827,12.027567,0.87839742,7.7120871,9.869827,12.027567
DJIBOUTI,Jul,-4.8069114,-2.6491715,-0.49143165,0.87839742,0,0,0
DJIBOUTI,Aug,-1.8090447,0.34869511,2.506435,0.87839742,0,0.34869511,2.506435
DJIBOUTI,Sep,2.7899568,4.9476967,7.1054365,0.87839742,2.7899568,4.9476967,7.1054365
DJIBOUTI,Oct,3.4727658,5.6305057,7.7882455,0.87839742,3.4727658,5.6305057,7.7882455
DJIBOUTI,Nov,2.479751,4.6374908,6.7952307,0.87839742,2.479751,4.6374908,6.7952307
DJIBOUTI,Dec,-1.6844443,0.47329552,2.6310354,0.87839742,0,0.47329552,2.6310354
DOUALA,Jan,-5.1421259,-2.2622989,0.61752798,1.1723529,0,0,0.61752798
DOUALA,Feb,-9.0335474,-6.1537205,-3.2738936,1.1723529,0,0,0
DOUALA,Mar,-1.5849443,1.2948826,4.1747095,1.1723529,0,1.2948826,4.1747095
DOUALA,Apr,-1.1653856,1.7144413,4.5942683,1.1723529,0,1.7144413,4.5942683
DOUALA,May,-8.0835004,-5.2036735,-2.3238466,1.1723529,0,0,0
DOUALA,Jun,-8.2681919,-5.388365,-2.5085381,1.1723529,0,0,0
DOUALA,Jul,-3.6609708,-0.78114384,2.0986831,1.1723529,0,0,2.0986831
DOUALA,Aug,-42.128671,-39.248844,-36.369017,1.1723529,0,0,0
DOUALA,Sep,-6.1540421,-3.2742152,-0.39438823,1.1723529,0,0,0
DOUALA,Oct,-7.3966925,-4.5168656,-1.6370387,1.1723529,0,0,0
DOUALA,Nov,-3.3268255,-0.44699856,2.4328284,1.1723529,0,0,2.4328284
DOUALA,Dec,1.1701747,4.0500017,6.9298286,1.1723529,1.1701747,4.0500017,6.9298286
DURBAN,Jan,-2.4246571,6.0391486,14.502954,3.4455429,0,6.0391486,14.502954
DURBAN,Feb,-6.2677211,2.1960846,10.65989,3.4455429,0,2.1960846,10.65989
DURBAN,Mar,-4.6638057,3.8,12.263806,3.4455429,0,3.8,12.263806
DURBAN,Apr,-11.105798,-2.6419921,5.8218136,3.4455429,0,0,5.8218136
DURBAN,May,-6.2971,2.1667057,10.630511,3.4455429,0,2.1667057,10.630511
DURBAN,Jun,-5.4746535,2.9891522,11.452958,3.4455429,0,2.9891522,11.452958
DURBAN,Jul,-10.59596,-2.1321542,6.3316515,3.4455429,0,0,6.3316515
DURBAN,Aug,-4.397139,4.0666667,12.530472,3.4455429,0,4.0666667,12.530472
DURBAN,Sep,-5.8638057,2.6,11.063806,3.4455429,0,2.6,11.063806
DURBAN,Oct,14.43037,22.894176,31.357981,3.4455429,14.43037,22.894176,31.357981
DURBAN,Nov,2.3092869,10.773093,19.236898,3.4455429,2.3092869,10.773093,19.236898
DURBAN,Dec,-6.4521858,2.0116199,10.475426,3.4455429,0,2.0116199,10.475426
EHOALA,Jan,1.9676153,6,10.032385,1.6415493,1.9676153,6,10.032385
EHOALA,Feb,-29.140202,-25.107817,-21.075432,1.6415493,0,0,0
EHOALA,Mar,-3.0119439,1.0204408,5.0528255,1.6415493,0,1.0204408,5.0528255
EHOALA,Apr,-2.9998304,1.0325543,5.064939,1.6415493,0,1.0325543,5.064939
EHOALA,May,-1.8323847,2.2,6.2323847,1.6415493,0,2.2,6.2323847
EHOALA,Jun,-5.0793122,-1.0469275,2.9854572,1.6415493,0,0,2.9854572
EHOALA,Jul,-2.8880285,1.1443562,5.1767409,1.6415493,0,1.1443562,5.1767409
EHOALA,Aug,2.2439179,6.2763026,10.308687,1.6415493,2.2439179,6.2763026,10.308687
EHOALA,Sep,20.967615,25,29.032385,1.6415493,20.967615,25,29.032385
EHOALA,Oct,-1.0323847,3,7.0323847,1.6415493,0,3,7.0323847
EHOALA,Nov,-1.0323847,3,7.0323847,1.6415493,0,3,7.0323847
EHOALA,Dec,-1.2602381,2.7721466,6.8045314,1.6415493,0,2.7721466,6.8045314
HODEIDAH,Jan,-4.4654843,7.5722246,19.609933,4.9004482,0,7.5722246,19.609933
HODEIDAH,Feb,-18.326565,-6.2888566,5.7488522,4.9004482,0,0,5.7488522
HODEIDAH,Mar,-8.2753323,3.7623765,15.800085,4.9004482,0,3.7623765,15.800085
HODEIDAH,Apr,-7.9496785,4.0880303,16.125739,4.9004482,0,4.0880303,16.125739
HODEIDAH,May,3.7981439,15.835853,27.873562,4.9004482,3.7981439,15.835853,27.873562
HODEIDAH,Jun,-1.5243608,10.513348,22.551057,4.9004482,0,10.513348,22.551057
HODEIDAH,Jul,9.5821502,21.619859,33.657568,4.9004482,9.5821502,21.619859,33.657568
HODEIDAH,Aug,11.196157,23.233866,35.271575,4.9004482,11.196157,23.233866,35.271575
HODEIDAH,Sep,8.8413193,20.879028,32.916737,4.9004482,8.8413193,20.879028,32.916737
HODEIDAH,Oct,24.808445,36.846154,48.883863,4.9004482,24.808445,36.846154,48.883863
HODEIDAH,Nov,7.4725121,19.510221,31.54793,4.9004482,7.4725121,19.510221,31.54793
HODEIDAH,Dec,-1.2877089,10.75,22.787709,4.9004482,0,10.75,22.787709
LATTAKIA,Jan,-9.6431683,-5.7570693,-1.8709703,1.5819976,0,0,0
LATTAKIA,Feb,-2.3642304,1.5218686,5.4079677,1.5819976,0,1.5218686,5.4079677
LATTAKIA,Mar,-10.135357,-6.2492581,-2.3631591,1.5819976,0,0,0
LATTAKIA,Apr,-5.3651375,-1.4790384,2.4070606,1.5819976,0,0,2.4070606
LATTAKIA,May,-4.4366414,-0.5505424,3.3355566,1.5819976,0,0,3.3355566
LATTAKIA,Jun,-4.4613916,-0.57529261,3.3108064,1.5819976,0,0,3.3108064
LATTAKIA,Jul,-4.5425582,-0.65645923,3.2296398,1.5819976,0,0,3.2296398
LATTAKIA,Aug,-45.27535,-41.389251,-37.503152,1.5819976,0,0,0
LATTAKIA,Sep,1.5710216,5.4571206,9.3432196,1.5819976,1.5710216,5.4571206,9.3432196
LATTAKIA,Oct,-9.0080595,-5.1219604,-1.2358614,1.5819976,0,0,0
LATTAKIA,Nov,-45.27535,-41.389251,-37.503152,1.5819976,0,0,0
LATTAKIA,Dec,-0.68183372,3.2042653,7.0903643,1.5819976,0,3.2042653,7.0903643
MOMBASA,Jan,4.1174986,5.8335807,7.5496627,0.69860231,4.1174986,5.8335807,7.5496627
MOMBASA,Feb,2.1544408,3.8705229,5.5866049,0.69860231,2.1544408,3.8705229,5.5866049
MOMBASA,Mar,-2.1822282,-0.46614612,1.2499359,0.69860231,0,0,1.2499359
MOMBASA,Apr,0.22585439,1.9419364,3.6580185,0.69860231,0.22585439,1.9419364,3.6580185
MOMBASA,May,-1.5373198,0.17876224,1.8948443,0.69860231,0,0.17876224,1.8948443
MOMBASA,Jun,-4.0886284,-2.3725464,-0.65646433,0.69860231,0,0,0
MOMBASA,Jul,-4.6056876,-2.8896055,-1.1735235,0.69860231,0,0,0
MOMBASA,Aug,-2.0690282,-0.35294615,1.3631359,0.69860231,0,0,1.3631359
MOMBASA,Sep,-2.0424552,-0.32637314,1.3897089,0.69860231,0,0,1.3897089
MOMBASA,Oct,-6.6642723,-4.9481903,-3.2321082,0.69860231,0,0,0
MOMBASA,Nov,-4.8331482,-3.1170661,-1.4009841,0.69860231,0,0,0
MOMBASA,Dec,1.0711368,2.7872189,4.5033009,0.69860231,1.0711368,2.7872189,4.5033009
NOUAKCHOTT,Jan,-5.223683,4.6666667,14.557016,4.0262767,0,4.6666667,14.557016
NOUAKCHOTT,Feb,-11.231859,-1.3415097,8.5488399,4.0262767,0,0,8.5488399
NOUAKCHOTT,Mar,-11.682463,-1.7921129,8.0982367,4.0262767,0,0,8.0982367
NOUAKCHOTT,Apr,10.505491,20.395841,30.286191,4.0262767,10.505491,20.395841,30.286191
NOUAKCHOTT,May,-10.060077,-0.16972743,9.7206222,4.0262767,0,0,9.7206222
NOUAKCHOTT,Jun,-0.5020403,9.3883093,19.278659,4.0262767,0,9.3883093,19.278659
NOUAKCHOTT,Jul,3.6379246,13.528274,23.418624,4.0262767,3.6379246,13.528274,23.418624
NOUAKCHOTT,Aug,-1.2990845,8.5912651,18.481615,4.0262767,0,8.5912651,18.481615
NOUAKCHOTT,Sep,-4.4416706,5.4486791,15.339029,4.0262767,0,5.4486791,15.339029
NOUAKCHOTT,Oct,-0.91828769,8.9720619,18.862412,4.0262767,0,8.9720619,18.862412
NOUAKCHOTT,Nov,-0.09034963,9.8,19.69035,4.0262767,0,9.8,19.69035
NOUAKCHOTT,Dec,7.276317,17.166667,27.057016,4.0262767,7.276317,17.166667,27.057016
ORAN,Jan,-3.5213212,1.4,6.3213212,2.0034277,0,1.4,6.3213212
ORAN,Feb,2.4745857,7.395907,12.317228,2.0034277,2.4745857,7.395907,12.317228
ORAN,Mar,-2.8160581,2.1052632,7.0265844,2.0034277,0,2.1052632,7.0265844
ORAN,Apr,-3.8883453,1.032976,5.9542972,2.0034277,0,1.032976,5.9542972
ORAN,May,-3.660869,1.2604522,6.1817734,2.0034277,0,1.2604522,6.1817734
ORAN,Jun,-3.3379879,1.5833333,6.5046545,2.0034277,0,1.5833333,6.5046545
ORAN,Jul,-3.1366236,1.7846976,6.7060188,2.0034277,0,1.7846976,6.7060188
ORAN,Aug,-3.4213212,1.5,6.4213212,2.0034277,0,1.5,6.4213212
ORAN,Sep,-2.4213212,2.5,7.4213212,2.0034277,0,2.5,7.4213212
ORAN,Oct,-4.5222204,0.3991008,5.320422,2.0034277,0,0.3991008,5.320422
ORAN,Nov,-4.3302819,0.59103929,5.5123605,2.0034277,0,0.59103929,5.5123605
ORAN,Dec,-4.0333219,0.88799933,5.8093205,2.0034277,0,0.88799933,5.8093205
POINTE NOIRE,Jan,20.650494,43.222222,65.79395,9.1887573,20.650494,43.222222,65.79395
POINTE NOIRE,Feb,12.351349,34.923077,57.494805,9.1887573,12.351349,34.923077,57.494805
POINTE NOIRE,Mar,-6.5717282,16,38.571728,9.1887573,0,16,38.571728
POINTE NOIRE,Apr,59.983827,82.555556,105.12728,9.1887573,59.983827,82.555556,105.12728
POINTE NOIRE,May,49.81407,72.385798,94.957526,9.1887573,49.81407,72.385798,94.957526
POINTE NOIRE,Jun,-1.3952576,21.176471,43.748199,9.1887573,0,21.176471,43.748199
POINTE NOIRE,Jul,59.125946,81.697674,104.2694,9.1887573,59.125946,81.697674,104.2694
POINTE NOIRE,Aug,59.642558,82.214286,104.78601,9.1887573,59.642558,82.214286,104.78601
POINTE NOIRE,Sep,-6.0717282,16.5,39.071728,9.1887573,0,16.5,39.071728
POINTE NOIRE,Oct,-1.3217282,21.25,43.821728,9.1887573,0,21.25,43.821728
POINTE NOIRE,Nov,-18.071728,4.5,27.071728,9.1887573,0,4.5,27.071728
POINTE NOIRE,Dec,10.192978,32.764706,55.336434,9.1887573,10.192978,32.764706,55.336434
PORT QASIM,Jan,-35.153807,-21.073914,-6.9940214,5.7318039,0,0,0
PORT QASIM,Feb,-173.2027,-159.12281,-145.04292,5.7318039,0,0,0
PORT QASIM,Mar,-58.280616,-44.200723,-30.12083,5.7318039,0,0,0
PORT QASIM,Apr,-52.18035,-38.100457,-24.020564,5.7318039,0,0,0
PORT QASIM,May,-36.685234,-22.605341,-8.5254481,5.7318039,0,0,0
PORT QASIM,Jun,-46.620051,-32.540158,-18.460266,5.7318039,0,0,0
PORT QASIM,Jul,-56.197883,-42.11799,-28.038097,5.7318039,0,0,0
PORT QASIM,Aug,-60.267665,-46.187772,-32.107879,5.7318039,0,0,0
PORT QASIM,Sep,-54.275842,-40.19595,-26.116057,5.7318039,0,0,0
PORT QASIM,Oct,-173.2027,-159.12281,-145.04292,5.7318039,0,0,0
PORT QASIM,Nov,-173.2027,-159.12281,-145.04292,5.7318039,0,0,0
PORT QASIM,Dec,-173.2027,-159.12281,-145.04292,5.7318039,0,0,0
PORT SUDAN,Jan,-6.7753629,-3.4937399,-0.21211678,1.3359207,0,0,0
PORT SUDAN,Feb,-6.2492531,-2.9676301,0.313993,1.3359207,0,0,0.313993
PORT SUDAN,Mar,-46.544511,-43.262888,-39.981265,1.3359207,0,0,0
PORT SUDAN,Apr,-4.29937,-1.017747,2.2638761,1.3359207,0,0,2.2638761
PORT SUDAN,May,-6.7314913,-3.4498682,-0.16824512,1.3359207,0,0,0
PORT SUDAN,Jun,-10.504978,-7.2233546,-3.9417315,1.3359207,0,0,0
PORT SUDAN,Jul,2.2387245,5.5203476,8.8019707,1.3359207,2.2387245,5.5203476,8.8019707
PORT SUDAN,Aug,-46.544511,-43.262888,-39.981265,1.3359207,0,0,0
PORT SUDAN,Sep,2.7142526,5.9958757,9.2774988,1.3359207,2.7142526,5.9958757,9.2774988
PORT SUDAN,Oct,0.39601914,3.6776422,6.9592653,1.3359207,0.39601914,3.6776422,6.9592653
PORT SUDAN,Nov,-2.9862239,0.29539918,3.5770223,1.3359207,0,0.29539918,3.5770223
PORT SUDAN,Dec,1.8329599,5.114583,8.3962061,1.3359207,1.8329599,5.114583,8.3962061
SIHANOUKVILLE,Jan,-19.065429,-8.7912437,1.482942,4.1825331,0,0,1.482942
SIHANOUKVILLE,Feb,-65.393369,-55.119184,-44.844998,4.1825331,0,0,0
SIHANOUKVILLE,Mar,-14.145342,-3.8711558,6.4030299,4.1825331,0,0,6.4030299
SIHANOUKVILLE,Apr,-11.919165,-1.6449791,8.6292066,4.1825331,0,0,8.6292066
SIHANOUKVILLE,May,-7.5193581,2.7548276,13.029013,4.1825331,0,2.7548276,13.029013
SIHANOUKVILLE,Jun,-65.393369,-55.119184,-44.844998,4.1825331,0,0,0
SIHANOUKVILLE,Jul,-65.393369,-55.119184,-44.844998,4.1825331,0,0,0
SIHANOUKVILLE,Aug,-13.175122,-2.9009359,7.3732498,4.1825331,0,0,7.3732498
SIHANOUKVILLE,Sep,-11.665079,-1.3908931,8.8832926,4.1825331,0,0,8.8832926
SIHANOUKVILLE,Oct,-12.242018,-1.9678321,8.3063536,4.1825331,0,0,8.3063536
SIHANOUKVILLE,Nov,-6.2741857,4,14.274186,4.1825331,0,4,14.274186
SIHANOUKVILLE,Dec,-65.393369,-55.119184,-44.844998,4.1825331,0,0,0
TARTOUS,Jan,-0.70460852,0.71340497,2.1314185,0.57726115,0,0.71340497,2.1314185
TARTOUS,Feb,-0.85549986,0.56251363,1.9805271,0.57726115,0,0.56251363,1.9805271
TARTOUS,Mar,-3.0825902,-1.6645767,-0.24656325,0.57726115,0,0,0
TARTOUS,Apr,-0.85168663,0.56632686,1.9843404,0.57726115,0,0.56632686,1.9843404
TARTOUS,May,-0.30295478,1.1150587,2.5330722,0.57726115,0,1.1150587,2.5330722
TARTOUS,Jun,-1.9692666,-0.55125313,0.86676036,0.57726115,0,0,0.86676036
TARTOUS,Jul,-3.5349959,-2.1169824,-0.69896888,0.57726115,0,0,0
TARTOUS,Aug,0.04252657,1.4605401,2.8785536,0.57726115,0.04252657,1.4605401,2.8785536
TARTOUS,Sep,-1.0445504,0.37346312,1.7914766,0.57726115,0,0.37346312,1.7914766
TARTOUS,Oct,3.590085,5.0080985,6.426112,0.57726115,3.590085,5.0080985,6.426112
TARTOUS,Nov,-3.4912694,-2.0732559,-0.65524242,0.57726115,0,0,0
TARTOUS,Dec,1.2223402,2.6403536,4.0583671,0.57726115,1.2223402,2.6403536,4.0583671
TEMA,Jan,-33.632037,-8.0066538,17.618729,10.431874,0,0,17.618729
TEMA,Feb,-11.875383,13.75,39.375383,10.431874,0,13.75,39.375383
TEMA,Mar,-283.38438,-257.75899,-232.13361,10.431874,0,0,0
TEMA,Apr,-33.257301,-7.6319182,17.993465,10.431874,0,0,17.993465
TEMA,May,2.3355642,27.960947,53.58633,10.431874,2.3355642,27.960947,53.58633
TEMA,Jun,-6.0734899,19.551893,45.177276,10.431874,0,19.551893,45.177276
TEMA,Jul,-6.0808417,19.544541,45.169924,10.431874,0,19.544541,45.169924
TEMA,Aug,-48.819968,-23.194585,2.430798,10.431874,0,0,2.430798
TEMA,Sep,-9.1168265,16.508557,42.13394,10.431874,0,16.508557,42.13394
TEMA,Oct,-14.575845,11.049538,36.674921,10.431874,0,11.049538,36.674921
TEMA,Nov,-51.972679,-26.347296,-0.72191253,10.431874,0,0,0
TEMA,Dec,-5.175907,20.449476,46.074859,10.431874,0,20.449476,46.074859
TOAMASINA_OLD,Jan,-2.0084713,2.3891668,6.786805,1.7902409,0,2.3891668,6.786805
TOAMASINA_OLD,Feb,-2.4889101,1.9087281,6.3063663,1.7902409,0,1.9087281,6.3063663
TOAMASINA_OLD,Mar,5.6395694,10.037208,14.434846,1.7902409,5.6395694,10.037208,14.434846
TOAMASINA_OLD,Apr,2.1709068,6.568545,10.966183,1.7902409,2.1709068,6.568545,10.966183
TOAMASINA_OLD,May,-1.8538286,2.5438096,6.9414478,1.7902409,0,2.5438096,6.9414478
TOAMASINA_OLD,Jun,0.32022183,4.71786,9.1154982,1.7902409,0.32022183,4.71786,9.1154982
TOAMASINA_OLD,Jul,2.6023618,7,11.397638,1.7902409,2.6023618,7,11.397638
TOAMASINA_OLD,Aug,1.9023618,6.3,10.697638,1.7902409,1.9023618,6.3,10.697638
TOAMASINA_OLD,Sep,0.93569515,5.3333333,9.7309715,1.7902409,0.93569515,5.3333333,9.7309715
TOAMASINA_OLD,Oct,13.602362,18,22.397638,1.7902409,13.602362,18,22.397638
TOAMASINA_OLD,Nov,5.8023618,10.2,14.597638,1.7902409,5.8023618,10.2,14.597638
TOAMASINA_OLD,Dec,4.4023618,8.8,13.197638,1.7902409,4.4023618,8.8,13.197638
TOLAGNARO,Jan,18.851357,28.75,38.648643,4.0296527,18.851357,28.75,38.648643
TOLAGNARO,Feb,-71.286854,-61.388211,-51.489569,4.0296527,0,0,0
TOLAGNARO,Mar,-6.8986427,3,12.898643,4.0296527,0,3,12.898643
TOLAGNARO,Apr,-3.5653093,6.3333333,16.231976,4.0296527,0,6.3333333,16.231976
TOLAGNARO,May,-6.3986427,3.5,13.398643,4.0296527,0,3.5,13.398643
TOLAGNARO,Jun,-4.8986427,5,14.898643,4.0296527,0,5,14.898643
TOLAGNARO,Jul,-9.3534306,0.54521211,10.443855,4.0296527,0,0.54521211,10.443855
TOLAGNARO,Aug,-2.6986427,7.2,17.098643,4.0296527,0,7.2,17.098643
TOLAGNARO,Sep,-71.286854,-61.388211,-51.489569,4.0296527,0,0,0
TOLAGNARO,Oct,-8.8986427,1,10.898643,4.0296527,0,1,10.898643
TOLAGNARO,Nov,-2.8986427,7,16.898643,4.0296527,0,7,16.898643
TOLAGNARO,Dec,-18.004406,-8.1057635,1.7928792,4.0296527,0,0,1.7928792
TOLIARA,Jan,4.2068862,10,15.793114,2.358327,4.2068862,10,15.793114
TOLIARA,Feb,3.8179974,9.6111111,15.404225,2.358327,3.8179974,9.6111111,15.404225
TOLIARA,Mar,3.1068862,8.9,14.693114,2.358327,3.1068862,8.9,14.693114
TOLIARA,Apr,3.8735529,9.6666667,15.45978,2.358327,3.8735529,9.6666667,15.45978
TOLIARA,May,1.4568862,7.25,13.043114,2.358327,1.4568862,7.25,13.043114
TOLIARA,Jun,3.9926005,9.7857143,15.578828,2.358327,3.9926005,9.7857143,15.578828
TOLIARA,Jul,0.80688624,6.6,12.393114,2.358327,0.80688624,6.6,12.393114
TOLIARA,Aug,3.6513307,9.4444444,15.237558,2.358327,3.6513307,9.4444444,15.237558
TOLIARA,Sep,1.0831192,6.8762329,12.669347,2.358327,1.0831192,6.8762329,12.669347
TOLIARA,Oct,3.4568862,9.25,15.043114,2.358327,3.4568862,9.25,15.043114
TOLIARA,Nov,6.7068862,12.5,18.293114,2.358327,6.7068862,12.5,18.293114
TOLIARA,Dec,3.4531269,9.2462407,15.039354,2.358327,3.4531269,9.2462407,15.039354
YANGON,Jan,-2.8417468,1.68723,6.2162068,1.8437077,0,1.68723,6.2162068
YANGON,Feb,1.2906055,5.8195823,10.348559,1.8437077,1.2906055,5.8195823,10.348559
YANGON,Mar,6.1376899,10.666667,15.195643,1.8437077,6.1376899,10.666667,15.195643
YANGON,Apr,3.5181323,8.0471091,12.576086,1.8437077,3.5181323,8.0471091,12.576086
YANGON,May,-0.00304992,4.5259269,9.0549037,1.8437077,0,4.5259269,9.0549037
YANGON,Jun,5.8842131,10.41319,14.942167,1.8437077,5.8842131,10.41319,14.942167
YANGON,Jul,-1.3203016,3.2086752,7.737652,1.8437077,0,3.2086752,7.737652
YANGON,Aug,-0.57754511,3.9514317,8.4804085,1.8437077,0,3.9514317,8.4804085
YANGON,Sep,4.6530127,9.1819895,13.710966,1.8437077,4.6530127,9.1819895,13.710966
YANGON,Oct,1.6722061,6.2011829,10.73016,1.8437077,1.6722061,6.2011829,10.73016
YANGON,Nov,5.3306407,9.8596175,14.388594,1.8437077,5.3306407,9.8596175,14.388594
YANGON,Dec,-6.8280815,-2.2991047,2.2298721,1.8437077,0,0,2.2298721
